"Date","Value"
"02-01-2014","1.6382"
"03-01-2014","1.639"
"06-01-2014","1.6361"
"07-01-2014","1.6347"
"08-01-2014","1.6418"
"09-01-2014","1.6412"
"10-01-2014","1.6434"
"13-01-2014","1.6334"
"14-01-2014","1.641"
"15-01-2014","1.6301"
"16-01-2014","1.6295"
"17-01-2014","1.6393"
"20-01-2014","1.6369"
"21-01-2014","1.6412"
"22-01-2014","1.6526"
"23-01-2014","1.6576"
"24-01-2014","1.645"
"27-01-2014","1.6522"
"28-01-2014","1.6532"
"29-01-2014","1.6501"
"30-01-2014","1.6447"
"31-01-2014","1.6384"
"03-02-2014","1.6281"
"04-02-2014","1.6245"
"05-02-2014","1.6255"
"06-02-2014","1.6275"
"07-02-2014","1.6343"
"10-02-2014","1.6347"
"11-02-2014","1.6433"
"12-02-2014","1.6528"
"13-02-2014","1.658"
"14-02-2014","1.6674"
"17-02-2014","1.6654"
"18-02-2014","1.6644"
"19-02-2014","1.6659"
"20-02-2014","1.6604"
"21-02-2014","1.6631"
"24-02-2014","1.6577"
"25-02-2014","1.6627"
"26-02-2014","1.6586"
"27-02-2014","1.6617"
"28-02-2014","1.6703"
"03-03-2014","1.6663"
"04-03-2014","1.6619"
"05-03-2014","1.6675"
"06-03-2014","1.6663"
"07-03-2014","1.6668"
"10-03-2014","1.6578"
"11-03-2014","1.6573"
"12-03-2014","1.6552"
"13-03-2014","1.6623"
"14-03-2014","1.6577"
"17-03-2014","1.6591"
"18-03-2014","1.6522"
"19-03-2014","1.6575"
"20-03-2014","1.6456"
"21-03-2014","1.6441"
"24-03-2014","1.6436"
"25-03-2014","1.6452"
"26-03-2014","1.6511"
"27-03-2014","1.6556"
"28-03-2014","1.658"
"31-03-2014","1.6617"
"01-04-2014","1.658"
"02-04-2014","1.6578"
"03-04-2014","1.653"
"04-04-2014","1.6533"
"07-04-2014","1.6555"
"08-04-2014","1.6693"
"09-04-2014","1.6691"
"10-04-2014","1.6718"
"11-04-2014","1.6664"
"14-04-2014","1.6679"
"15-04-2014","1.6673"
"16-04-2014","1.6731"
"17-04-2014","1.6745"
"22-04-2014","1.676"
"23-04-2014","1.6716"
"24-04-2014","1.6737"
"25-04-2014","1.6749"
"28-04-2014","1.6744"
"29-04-2014","1.678"
"30-04-2014","1.682"
"01-05-2014","1.6831"
"02-05-2014","1.6807"
"06-05-2014","1.6923"
"07-05-2014","1.6895"
"08-05-2014","1.6883"
"09-05-2014","1.677"
"12-05-2014","1.6798"
"13-05-2014","1.6767"
"14-05-2014","1.6712"
"15-05-2014","1.6732"
"16-05-2014","1.6765"
"19-05-2014","1.6763"
"20-05-2014","1.6782"
"21-05-2014","1.681"
"22-05-2014","1.679"
"23-05-2014","1.6775"
"27-05-2014","1.6736"
"28-05-2014","1.664"
"29-05-2014","1.6651"
"30-05-2014","1.6708"
"02-06-2014","1.669"
"03-06-2014","1.667"
"04-06-2014","1.6686"
"05-06-2014","1.6724"
"06-06-2014","1.6723"
"09-06-2014","1.6727"
"10-06-2014","1.6692"
"11-06-2014","1.672"
"12-06-2014","1.6772"
"13-06-2014","1.6871"
"16-06-2014","1.6895"
"17-06-2014","1.6879"
"18-06-2014","1.6853"
"19-06-2014","1.6965"
"20-06-2014","1.6926"
"23-06-2014","1.692"
"24-06-2014","1.6883"
"25-06-2014","1.6894"
"26-06-2014","1.6919"
"27-06-2014","1.6929"
"30-06-2014","1.7008"
"01-07-2014","1.7046"
"02-07-2014","1.7074"
"03-07-2014","1.7051"
"04-07-2014","1.7056"
"07-07-2014","1.7038"
"08-07-2014","1.7032"
"09-07-2014","1.7049"
"10-07-2014","1.7021"
"11-07-2014","1.7013"
"14-07-2014","1.7002"
"15-07-2014","1.705"
"16-07-2014","1.7051"
"17-07-2014","1.7007"
"18-07-2014","1.698"
"21-07-2014","1.698"
"22-07-2014","1.697"
"23-07-2014","1.6954"
"24-07-2014","1.6886"
"25-07-2014","1.6888"
"28-07-2014","1.6913"
"29-07-2014","1.6861"
"30-07-2014","1.682"
"31-07-2014","1.68"
"01-08-2014","1.6755"
"04-08-2014","1.6757"
"05-08-2014","1.6786"
"06-08-2014","1.6747"
"07-08-2014","1.6758"
"08-08-2014","1.6714"
"11-08-2014","1.6705"
"12-08-2014","1.6719"
"13-08-2014","1.6617"
"14-08-2014","1.6609"
"15-08-2014","1.6609"
"18-08-2014","1.6644"
"19-08-2014","1.6542"
"20-08-2014","1.6566"
"21-08-2014","1.652"
"22-08-2014","1.6493"
"26-08-2014","1.6502"
"27-08-2014","1.651"
"28-08-2014","1.6508"
"29-08-2014","1.6536"
"01-09-2014","1.6543"
"02-09-2014","1.6436"
"03-09-2014","1.6379"
"04-09-2014","1.6327"
"05-09-2014","1.6252"
"08-09-2014","1.6098"
"09-09-2014","1.6043"
"10-09-2014","1.6083"
"11-09-2014","1.6169"
"12-09-2014","1.6164"
"15-09-2014","1.6168"
"16-09-2014","1.6152"
"17-09-2014","1.6254"
"18-09-2014","1.6319"
"19-09-2014","1.6238"
"22-09-2014","1.6253"
"23-09-2014","1.6287"
"24-09-2014","1.6275"
"25-09-2014","1.6254"
"26-09-2014","1.6175"
"29-09-2014","1.6174"
"30-09-2014","1.6144"
"01-10-2014","1.6134"
"02-10-2014","1.6051"
"03-10-2014","1.5894"
"06-10-2014","1.594"
"07-10-2014","1.6019"
"08-10-2014","1.6013"
"09-10-2014","1.6095"
"10-10-2014","1.5964"
"13-10-2014","1.5991"
"14-10-2014","1.5858"
"15-10-2014","1.5883"
"16-10-2014","1.5958"
"17-10-2014","1.6032"
"20-10-2014","1.6065"
"21-10-2014","1.6066"
"22-10-2014","1.5989"
"23-10-2014","1.597"
"24-10-2014","1.6023"
"27-10-2014","1.6072"
"28-10-2014","1.6097"
"29-10-2014","1.609"
"30-10-2014","1.5965"
"31-10-2014","1.5941"
"03-11-2014","1.5918"
"04-11-2014","1.5948"
"05-11-2014","1.5918"
"06-11-2014","1.5847"
"07-11-2014","1.5787"
"10-11-2014","1.5816"
"11-11-2014","1.5819"
"12-11-2014","1.5782"
"13-11-2014","1.5687"
"14-11-2014","1.56"
"17-11-2014","1.5603"
"18-11-2014","1.5598"
"19-11-2014","1.5622"
"20-11-2014","1.5658"
"21-11-2014","1.5634"
"24-11-2014","1.5652"
"25-11-2014","1.5681"
"26-11-2014","1.5748"
"27-11-2014","1.5679"
"28-11-2014","1.5619"
"01-12-2014","1.5679"
"02-12-2014","1.5611"
"03-12-2014","1.5672"
"04-12-2014","1.5659"
"05-12-2014","1.5554"
"08-12-2014","1.5585"
"09-12-2014","1.5656"
"10-12-2014","1.5658"
"11-12-2014","1.5663"
"12-12-2014","1.5664"
"15-12-2014","1.558"
"16-12-2014","1.5694"
"17-12-2014","1.5609"
"18-12-2014","1.56"
"19-12-2014","1.5605"
"22-12-2014","1.5597"
"23-12-2014","1.5494"
"24-12-2014","1.5513"
"29-12-2014","1.5501"
"30-12-2014","1.5531"
"31-12-2014","1.5579"
"02-01-2015","1.536"
"05-01-2015","1.5215"
"06-01-2015","1.5144"
"07-01-2015","1.504"
"08-01-2015","1.5057"
"09-01-2015","1.5119"
"12-01-2015","1.5109"
"13-01-2015","1.5149"
"14-01-2015","1.5182"
"15-01-2015","1.5136"
"16-01-2015","1.5083"
"19-01-2015","1.5127"
"20-01-2015","1.5165"
"21-01-2015","1.5091"
"22-01-2015","1.5063"
"23-01-2015","1.5005"
"26-01-2015","1.5029"
"27-01-2015","1.518"
"28-01-2015","1.5154"
"29-01-2015","1.5052"
"30-01-2015","1.4992"
"02-02-2015","1.5009"
"03-02-2015","1.5088"
"04-02-2015","1.5191"
"05-02-2015","1.5262"
"06-02-2015","1.5248"
"09-02-2015","1.5222"
"10-02-2015","1.524"
"11-02-2015","1.5248"
"12-02-2015","1.5347"
"13-02-2015","1.5377"
"16-02-2015","1.5366"
"17-02-2015","1.5322"
"18-02-2015","1.5431"
"19-02-2015","1.5419"
"20-02-2015","1.5359"
"23-02-2015","1.5433"
"24-02-2015","1.5441"
"25-02-2015","1.547"
"26-02-2015","1.5392"
"27-02-2015","1.5431"
"02-03-2015","1.5344"
"03-03-2015","1.5355"
"04-03-2015","1.525"
"05-03-2015","1.5219"
"06-03-2015","1.5046"
"09-03-2015","1.508"
"10-03-2015","1.5071"
"11-03-2015","1.4932"
"12-03-2015","1.4892"
"13-03-2015","1.4742"
"16-03-2015","1.4788"
"17-03-2015","1.4732"
"18-03-2015","1.4678"
"19-03-2015","1.4718"
"20-03-2015","1.4912"
"23-03-2015","1.4928"
"24-03-2015","1.4859"
"25-03-2015","1.4906"
"26-03-2015","1.4832"
"27-03-2015","1.4864"
"30-03-2015","1.4792"
"31-03-2015","1.4832"
"01-04-2015","1.48"
"02-04-2015","1.4812"
"07-04-2015","1.485"
"08-04-2015","1.4907"
"09-04-2015","1.4721"
"10-04-2015","1.4635"
"13-04-2015","1.4625"
"14-04-2015","1.4771"
"15-04-2015","1.4747"
"16-04-2015","1.488"
"17-04-2015","1.4941"
"20-04-2015","1.4893"
"21-04-2015","1.4912"
"22-04-2015","1.5013"
"23-04-2015","1.5031"
"24-04-2015","1.5141"
"27-04-2015","1.5186"
"28-04-2015","1.5302"
"29-04-2015","1.5431"
"30-04-2015","1.5347"
"01-05-2015","1.5155"
"05-05-2015","1.5169"
"06-05-2015","1.5225"
"07-05-2015","1.5176"
"08-05-2015","1.5395"
"11-05-2015","1.5534"
"12-05-2015","1.5635"
"13-05-2015","1.57"
"14-05-2015","1.5729"
"15-05-2015","1.576"
"18-05-2015","1.5654"
"19-05-2015","1.5483"
"20-05-2015","1.553"
"21-05-2015","1.5638"
"22-05-2015","1.5477"
"26-05-2015","1.5361"
"27-05-2015","1.531"
"28-05-2015","1.5269"
"29-05-2015","1.5238"
"01-06-2015","1.5184"
"02-06-2015","1.5306"
"03-06-2015","1.5308"
"04-06-2015","1.5343"
"05-06-2015","1.5224"
"08-06-2015","1.5257"
"09-06-2015","1.53"
"10-06-2015","1.5522"
"11-06-2015","1.5477"
"12-06-2015","1.5553"
"15-06-2015","1.5524"
"16-06-2015","1.5609"
"17-06-2015","1.569"
"18-06-2015","1.5854"
"19-06-2015","1.5854"
"22-06-2015","1.579"
"23-06-2015","1.5701"
"24-06-2015","1.5687"
"25-06-2015","1.5691"
"26-06-2015","1.5696"
"29-06-2015","1.5712"
"30-06-2015","1.5697"
"01-07-2015","1.5603"
"02-07-2015","1.5574"
"03-07-2015","1.5574"
"06-07-2015","1.5573"
"07-07-2015","1.539"
"08-07-2015","1.5324"
"09-07-2015","1.5356"
"10-07-2015","1.5479"
"13-07-2015","1.5498"
"14-07-2015","1.5537"
"15-07-2015","1.5579"
"16-07-2015","1.5557"
"17-07-2015","1.5599"
"20-07-2015","1.5563"
"21-07-2015","1.5531"
"22-07-2015","1.5601"
"23-07-2015","1.55"
"24-07-2015","1.5476"
"27-07-2015","1.5548"
"28-07-2015","1.5551"
"29-07-2015","1.5622"
"30-07-2015","1.5585"
"31-07-2015","1.558"
"03-08-2015","1.559"
"04-08-2015","1.557"
"05-08-2015","1.5581"
"06-08-2015","1.548"
"07-08-2015","1.5452"
"10-08-2015","1.5525"
"11-08-2015","1.5547"
"12-08-2015","1.5615"
"13-08-2015","1.5566"
"14-08-2015","1.559"
"17-08-2015","1.5581"
"18-08-2015","1.5633"
"19-08-2015","1.5621"
"20-08-2015","1.5641"
"21-08-2015","1.5647"
"24-08-2015","1.5711"
"25-08-2015","1.5671"
"26-08-2015","1.5513"
"27-08-2015","1.5349"
"28-08-2015","1.5331"
"01-09-2015","1.5303"
"02-09-2015","1.5271"
"03-09-2015","1.5207"
"04-09-2015","1.5156"
"07-09-2015","1.5248"
"08-09-2015","1.5339"
"09-09-2015","1.5348"
"10-09-2015","1.5409"
"11-09-2015","1.5382"
"14-09-2015","1.5363"
"15-09-2015","1.5339"
"16-09-2015","1.5498"
"17-09-2015","1.5504"
"18-09-2015","1.5563"
"21-09-2015","1.5465"
"22-09-2015","1.5328"
"23-09-2015","1.5208"
"24-09-2015","1.5269"
"25-09-2015","1.516"
"28-09-2015","1.516"
"29-09-2015","1.5122"
"30-09-2015","1.5131"
"01-10-2015","1.514"
"02-10-2015","1.5182"
"05-10-2015","1.516"
"06-10-2015","1.5192"
"07-10-2015","1.5293"
"08-10-2015","1.5278"
"09-10-2015","1.5289"
"12-10-2015","1.5324"
"13-10-2015","1.5206"
"14-10-2015","1.5413"
"15-10-2015","1.5439"
"16-10-2015","1.5427"
"19-10-2015","1.5459"
"20-10-2015","1.544"
"21-10-2015","1.544"
"22-10-2015","1.5392"
"23-10-2015","1.5336"
"26-10-2015","1.5345"
"27-10-2015","1.5296"
"28-10-2015","1.5307"
"29-10-2015","1.5286"
"30-10-2015","1.5436"
"02-11-2015","1.5421"
"03-11-2015","1.5392"
"04-11-2015","1.5378"
"05-11-2015","1.5251"
"06-11-2015","1.5088"
"09-11-2015","1.5127"
"10-11-2015","1.5129"
"11-11-2015","1.5222"
"12-11-2015","1.5211"
"13-11-2015","1.5212"
"16-11-2015","1.5215"
"17-11-2015","1.524"
"18-11-2015","1.5237"
"19-11-2015","1.5318"
"20-11-2015","1.524"
"23-11-2015","1.5156"
"24-11-2015","1.5094"
"25-11-2015","1.5091"
"26-11-2015","1.5146"
"27-11-2015","1.5074"
"30-11-2015","1.5074"
"01-12-2015","1.5074"
"02-12-2015","1.4965"
"03-12-2015","1.5056"
"04-12-2015","1.5116"
"07-12-2015","1.509"
"08-12-2015","1.5004"
"09-12-2015","1.5203"
"10-12-2015","1.5184"
"11-12-2015","1.5228"
"14-12-2015","1.5135"
"15-12-2015","1.5068"
"16-12-2015","1.5026"
"17-12-2015","1.4908"
"18-12-2015","1.4921"
"21-12-2015","1.4917"
"22-12-2015","1.4856"
"23-12-2015","1.49"
"24-12-2015","1.4951"
"29-12-2015","1.4824"
"30-12-2015","1.4862"
"31-12-2015","1.4847"
"04-01-2016","1.4717"
"05-01-2016","1.4677"
"06-01-2016","1.4643"
"07-01-2016","1.4601"
"08-01-2016","1.4574"
"11-01-2016","1.4565"
"12-01-2016","1.4401"
"13-01-2016","1.4474"
"14-01-2016","1.4425"
"15-01-2016","1.4338"
"18-01-2016","1.4299"
"19-01-2016","1.4176"
"20-01-2016","1.4215"
"21-01-2016","1.4164"
"22-01-2016","1.4362"
"25-01-2016","1.4299"
"26-01-2016","1.4357"
"27-01-2016","1.4291"
"28-01-2016","1.4418"
"29-01-2016","1.4218"
"01-02-2016","1.4397"
"02-02-2016","1.4408"
"03-02-2016","1.4619"
"04-02-2016","1.4608"
"05-02-2016","1.4515"
"08-02-2016","1.4398"
"09-02-2016","1.4518"
"10-02-2016","1.4493"
"11-02-2016","1.447"
"12-02-2016","1.4494"
"15-02-2016","1.4491"
"16-02-2016","1.4341"
"17-02-2016","1.4351"
"18-02-2016","1.4402"
"19-02-2016","1.4303"
"22-02-2016","1.4173"
"23-02-2016","1.4143"
"24-02-2016","1.397"
"25-02-2016","1.3987"
"26-02-2016","1.3906"
"29-02-2016","1.3976"
"01-03-2016","1.3971"
"02-03-2016","1.4112"
"03-03-2016","1.4202"
"04-03-2016","1.4263"
"07-03-2016","1.4254"
"08-03-2016","1.4258"
"09-03-2016","1.4272"
"10-03-2016","1.4356"
"11-03-2016","1.4444"
"14-03-2016","1.4372"
"15-03-2016","1.4217"
"16-03-2016","1.4152"
"17-03-2016","1.4532"
"18-03-2016","1.4554"
"21-03-2016","1.4444"
"22-03-2016","1.4262"
"23-03-2016","1.416"
"24-03-2016","1.4192"
"29-03-2016","1.4312"
"30-03-2016","1.4491"
"31-03-2016","1.442"
"01-04-2016","1.4231"
"04-04-2016","1.4336"
"05-04-2016","1.4177"
"06-04-2016","1.413"
"07-04-2016","1.4137"
"08-04-2016","1.4151"
"11-04-2016","1.4307"
"12-04-2016","1.4252"
"13-04-2016","1.425"
"14-04-2016","1.4181"
"15-04-2016","1.4219"
"18-04-2016","1.4314"
"19-04-2016","1.4443"
"20-04-2016","1.4441"
"21-04-2016","1.4379"
"22-04-2016","1.445"
"25-04-2016","1.454"
"26-04-2016","1.4623"
"27-04-2016","1.4575"
"28-04-2016","1.4609"
"29-04-2016","1.4686"
"03-05-2016","1.4587"
"04-05-2016","1.452"
"05-05-2016","1.4537"
"06-05-2016","1.4471"
"09-05-2016","1.444"
"10-05-2016","1.4505"
"11-05-2016","1.4508"
"12-05-2016","1.4543"
"13-05-2016","1.4395"
"16-05-2016","1.4449"
"17-05-2016","1.4512"
"18-05-2016","1.4666"
"19-05-2016","1.4639"
"20-05-2016","1.4569"
"23-05-2016","1.4517"
"24-05-2016","1.4665"
"25-05-2016","1.477"
"26-05-2016","1.4736"
"27-05-2016","1.4671"
"31-05-2016","1.4615"
"01-06-2016","1.4477"
"02-06-2016","1.4512"
"03-06-2016","1.4573"
"06-06-2016","1.4527"
"07-06-2016","1.4617"
"08-06-2016","1.4609"
"09-06-2016","1.4519"
"10-06-2016","1.4385"
"13-06-2016","1.4334"
"14-06-2016","1.4171"
"15-06-2016","1.4254"
"16-06-2016","1.4118"
"17-06-2016","1.4345"
"20-06-2016","1.4741"
"21-06-2016","1.471"
"22-06-2016","1.4729"
"23-06-2016","1.4836"
"24-06-2016","1.3681"
"27-06-2016","1.3212"
"28-06-2016","1.3375"
"29-06-2016","1.3577"
"30-06-2016","1.3484"
"01-07-2016","1.3339"
"04-07-2016","1.3359"
"05-07-2016","1.312"
"06-07-2016","1.2958"
"07-07-2016","1.3004"
"08-07-2016","1.3033"
"11-07-2016","1.3064"
"12-07-2016","1.3265"
"13-07-2016","1.3294"
"14-07-2016","1.3395"
"15-07-2016","1.3312"
"18-07-2016","1.3365"
"19-07-2016","1.3216"
"20-07-2016","1.326"
"21-07-2016","1.3298"
"22-07-2016","1.3173"
"25-07-2016","1.3216"
"26-07-2016","1.3215"
"27-07-2016","1.3215"
"28-07-2016","1.322"
"29-07-2016","1.3363"
"01-08-2016","1.3302"
"02-08-2016","1.3402"
"03-08-2016","1.3421"
"04-08-2016","1.3231"
"05-08-2016","1.3168"
"08-08-2016","1.3151"
"09-08-2016","1.311"
"10-08-2016","1.3128"
"11-08-2016","1.3072"
"12-08-2016","1.3038"
"15-08-2016","1.2977"
"16-08-2016","1.3071"
"17-08-2016","1.3116"
"18-08-2016","1.3266"
"19-08-2016","1.3161"
"22-08-2016","1.3254"
"23-08-2016","1.3295"
"24-08-2016","1.3359"
"25-08-2016","1.3298"
"26-08-2016","1.3311"
"30-08-2016","1.3207"
"31-08-2016","1.3212"
"01-09-2016","1.3409"
"02-09-2016","1.342"
"05-09-2016","1.3403"
"06-09-2016","1.3538"
"07-09-2016","1.3446"
"08-09-2016","1.342"
"09-09-2016","1.3365"
"12-09-2016","1.3409"
"13-09-2016","1.3287"
"14-09-2016","1.3281"
"15-09-2016","1.3294"
"16-09-2016","1.3183"
"19-09-2016","1.3167"
"20-09-2016","1.3056"
"21-09-2016","1.3067"
"22-09-2016","1.3201"
"23-09-2016","1.3066"
"26-09-2016","1.3081"
"27-09-2016","1.3093"
"28-09-2016","1.3093"
"29-09-2016","1.3085"
"30-09-2016","1.3096"
"03-10-2016","1.2938"
"04-10-2016","1.2858"
"05-10-2016","1.2845"
"06-10-2016","1.2748"
"07-10-2016","1.2563"
"10-10-2016","1.2472"
"11-10-2016","1.2323"
"12-10-2016","1.2278"
"13-10-2016","1.2285"
"14-10-2016","1.2283"
"17-10-2016","1.2243"
"18-10-2016","1.239"
"19-10-2016","1.2377"
"20-10-2016","1.2333"
"21-10-2016","1.2287"
"24-10-2016","1.2299"
"25-10-2016","1.2228"
"26-10-2016","1.2333"
"27-10-2016","1.2274"
"28-10-2016","1.224"
"31-10-2016","1.231"
"01-11-2016","1.2317"
"02-11-2016","1.2409"
"03-11-2016","1.2548"
"04-11-2016","1.2638"
"07-11-2016","1.2487"
"08-11-2016","1.2503"
"09-11-2016","1.2538"
"10-11-2016","1.2583"
"11-11-2016","1.2677"
"14-11-2016","1.2553"
"15-11-2016","1.2485"
"16-11-2016","1.2526"
"17-11-2016","1.2541"
"18-11-2016","1.2417"
"21-11-2016","1.2582"
"22-11-2016","1.2533"
"23-11-2016","1.2513"
"24-11-2016","1.258"
"25-11-2016","1.2569"
"28-11-2016","1.2527"
"29-11-2016","1.2622"
"30-11-2016","1.2611"
"01-12-2016","1.2737"
"02-12-2016","1.2774"
"05-12-2016","1.2826"
"06-12-2016","1.2828"
"07-12-2016","1.2725"
"08-12-2016","1.2669"
"09-12-2016","1.2678"
"12-12-2016","1.2786"
"13-12-2016","1.2804"
"14-12-2016","1.282"
"15-12-2016","1.2532"
"16-12-2016","1.2556"
"19-12-2016","1.2513"
"20-12-2016","1.2475"
"21-12-2016","1.2499"
"22-12-2016","1.2419"
"23-12-2016","1.2379"
"28-12-2016","1.2353"
"29-12-2016","1.2349"
"30-12-2016","1.2426"
"03-01-2017","1.2363"
"04-01-2017","1.2421"
"05-01-2017","1.255"
"06-01-2017","1.2446"
"09-01-2017","1.2276"
"10-01-2017","1.2312"
"11-01-2017","1.2201"
"12-01-2017","1.235"
"13-01-2017","1.2316"
"16-01-2017","1.2195"
"17-01-2017","1.2516"
"18-01-2017","1.2478"
"19-01-2017","1.2441"
"20-01-2017","1.2458"
"23-01-2017","1.2627"
"24-01-2017","1.2645"
"25-01-2017","1.2741"
"26-01-2017","1.2722"
"27-01-2017","1.2686"
"30-01-2017","1.2644"
"31-01-2017","1.2715"
"01-02-2017","1.2778"
"02-02-2017","1.2659"
"03-02-2017","1.2633"
"06-02-2017","1.2573"
"07-02-2017","1.2557"
"08-02-2017","1.2659"
"09-02-2017","1.2655"
"10-02-2017","1.2611"
"13-02-2017","1.2633"
"14-02-2017","1.2596"
"15-02-2017","1.2584"
"16-02-2017","1.2637"
"17-02-2017","1.2567"
"20-02-2017","1.2609"
"21-02-2017","1.2605"
"22-02-2017","1.2599"
"23-02-2017","1.2685"
"24-02-2017","1.2624"
"27-02-2017","1.2605"
"28-02-2017","1.2581"
"01-03-2017","1.246"
"02-03-2017","1.2428"
"03-03-2017","1.2401"
"06-03-2017","1.2394"
"07-03-2017","1.2332"
"08-03-2017","1.2309"
"09-03-2017","1.229"
"10-03-2017","1.2305"
"13-03-2017","1.2375"
"14-03-2017","1.2309"
"15-03-2017","1.2368"
"16-03-2017","1.2508"
"17-03-2017","1.2511"
"20-03-2017","1.2506"
"21-03-2017","1.2617"
"22-03-2017","1.2614"
"23-03-2017","1.2663"
"24-03-2017","1.2624"
"27-03-2017","1.2703"
"28-03-2017","1.2665"
"29-03-2017","1.2541"
"30-03-2017","1.2621"
"31-03-2017","1.264"
"03-04-2017","1.2616"
"04-04-2017","1.2582"
"05-04-2017","1.2614"
"06-04-2017","1.2631"
"07-04-2017","1.2529"
"10-04-2017","1.2567"
"11-04-2017","1.2628"
"12-04-2017","1.265"
"13-04-2017","1.2658"
"18-04-2017","1.2903"
"19-04-2017","1.2949"
"20-04-2017","1.2979"
"21-04-2017","1.2914"
"24-04-2017","1.2919"
"25-04-2017","1.2973"
"26-04-2017","1.3006"
"27-04-2017","1.3042"
"28-04-2017","1.3087"
"02-05-2017","1.3068"
"03-05-2017","1.3046"
"04-05-2017","1.3065"
"05-05-2017","1.3109"
"08-05-2017","1.3091"
"09-05-2017","1.3102"
"10-05-2017","1.31"
"11-05-2017","1.3029"
"12-05-2017","1.3039"
"15-05-2017","1.3067"
"16-05-2017","1.3066"
"17-05-2017","1.312"
"18-05-2017","1.3147"
"19-05-2017","1.3176"
"22-05-2017","1.3166"
"23-05-2017","1.313"
"24-05-2017","1.3102"
"25-05-2017","1.3098"
"26-05-2017","1.2942"
"30-05-2017","1.3014"
"31-05-2017","1.3064"
"01-06-2017","1.3055"
"02-06-2017","1.3033"
"05-06-2017","1.3082"
"06-06-2017","1.3045"
"07-06-2017","1.3112"
"08-06-2017","1.3101"
"09-06-2017","1.2898"
"12-06-2017","1.2829"
"13-06-2017","1.2886"
"14-06-2017","1.2942"
"15-06-2017","1.2911"
"16-06-2017","1.2951"
"19-06-2017","1.2907"
"20-06-2017","1.2769"
"21-06-2017","1.2809"
"22-06-2017","1.2803"
"23-06-2017","1.2881"
"26-06-2017","1.2883"
"27-06-2017","1.2924"
"28-06-2017","1.3085"
"29-06-2017","1.3138"
"30-06-2017","1.3134"
"03-07-2017","1.3083"
"04-07-2017","1.3076"
"05-07-2017","1.3073"
"06-07-2017","1.3094"
"07-07-2017","1.3028"
"10-07-2017","1.3009"
"11-07-2017","1.2993"
"12-07-2017","1.3036"
"13-07-2017","1.3079"
"14-07-2017","1.3233"
"17-07-2017","1.3214"
"18-07-2017","1.3171"
"19-07-2017","1.3196"
"20-07-2017","1.3141"
"21-07-2017","1.3143"
"24-07-2017","1.32"
"25-07-2017","1.3204"
"26-07-2017","1.3213"
"27-07-2017","1.3244"
"28-07-2017","1.3275"
"31-07-2017","1.3338"
"01-08-2017","1.3383"
"02-08-2017","1.3377"
"03-08-2017","1.3301"
"04-08-2017","1.3195"
"07-08-2017","1.3182"
"08-08-2017","1.3119"
"09-08-2017","1.3153"
"10-08-2017","1.3151"
"11-08-2017","1.3137"
"14-08-2017","1.3148"
"15-08-2017","1.3015"
"16-08-2017","1.3031"
"17-08-2017","1.3051"
"18-08-2017","1.3015"
"21-08-2017","1.3063"
"22-08-2017","1.2994"
"23-08-2017","1.2954"
"24-08-2017","1.2956"
"25-08-2017","1.3036"
"29-08-2017","1.3111"
"30-08-2017","1.3081"
"31-08-2017","1.3043"
"01-09-2017","1.3132"
"04-09-2017","1.3116"
"05-09-2017","1.3186"
"06-09-2017","1.3231"
"07-09-2017","1.3269"
"08-09-2017","1.334"
"11-09-2017","1.3338"
"12-09-2017","1.3411"
"13-09-2017","1.338"
"14-09-2017","1.3494"
"15-09-2017","1.3736"
"18-09-2017","1.3698"
"19-09-2017","1.3665"
"20-09-2017","1.371"
"21-09-2017","1.3687"
"22-09-2017","1.3674"
"25-09-2017","1.3632"
"26-09-2017","1.3565"
"27-09-2017","1.3534"
"28-09-2017","1.3589"
"29-09-2017","1.3562"
"02-10-2017","1.3423"
"03-10-2017","1.3393"
"04-10-2017","1.3427"
"05-10-2017","1.3287"
"06-10-2017","1.3209"
"09-10-2017","1.3283"
"10-10-2017","1.3369"
"11-10-2017","1.3341"
"12-10-2017","1.3315"
"13-10-2017","1.3454"
"16-10-2017","1.3431"
"17-10-2017","1.3322"
"18-10-2017","1.3324"
"19-10-2017","1.3356"
"20-10-2017","1.3344"
"23-10-2017","1.3338"
"24-10-2017","1.3272"
"25-10-2017","1.3406"
"26-10-2017","1.3323"
"27-10-2017","1.3264"
"30-10-2017","1.3347"
"31-10-2017","1.3433"
"01-11-2017","1.3408"
"02-11-2017","1.3222"
"03-11-2017","1.3224"
"06-11-2017","1.3279"
"07-11-2017","1.3301"
"08-11-2017","1.3262"
"09-11-2017","1.3278"
"10-11-2017","1.338"
"13-11-2017","1.3274"
"14-11-2017","1.3281"
"15-11-2017","1.3327"
"16-11-2017","1.3361"
"17-11-2017","1.3371"
"20-11-2017","1.3429"
"21-11-2017","1.3401"
"22-11-2017","1.3454"
"23-11-2017","1.3465"
"24-11-2017","1.352"
"27-11-2017","1.351"
"28-11-2017","1.3401"
"29-11-2017","1.3582"
"30-11-2017","1.3702"
"01-12-2017","1.3664"
"04-12-2017","1.3654"
"05-12-2017","1.3635"
"06-12-2017","1.3559"
"07-12-2017","1.3596"
"08-12-2017","1.3555"
"11-12-2017","1.3542"
"12-12-2017","1.3508"
"13-12-2017","1.3552"
"14-12-2017","1.3615"
"15-12-2017","1.3518"
"18-12-2017","1.3598"
"19-12-2017","1.3544"
"20-12-2017","1.3595"
"21-12-2017","1.3547"
"22-12-2017","1.3585"
"27-12-2017","1.359"
"28-12-2017","1.362"
"29-12-2017","1.3696"
"02-01-2018","1.3768"
"03-01-2018","1.3705"
"04-01-2018","1.3747"
"05-01-2018","1.3758"
"08-01-2018","1.3775"
"09-01-2018","1.3719"
"10-01-2018","1.3729"
"11-01-2018","1.3732"
"12-01-2018","1.3889"
"15-01-2018","1.4005"
"16-01-2018","1.398"
"17-01-2018","1.4044"
"18-01-2018","1.409"
"19-01-2018","1.4052"
"22-01-2018","1.4178"
"23-01-2018","1.423"
"24-01-2018","1.4434"
"25-01-2018","1.4516"
"26-01-2018","1.4394"
"29-01-2018","1.4276"
"30-01-2018","1.4327"
"31-01-2018","1.444"
"01-02-2018","1.4455"
"02-02-2018","1.4343"
"05-02-2018","1.4233"
"06-02-2018","1.4121"
"07-02-2018","1.41"
"08-02-2018","1.422"
"09-02-2018","1.4027"
"12-02-2018","1.4029"
"13-02-2018","1.4099"
"14-02-2018","1.4187"
"15-02-2018","1.4283"
"16-02-2018","1.4269"
"19-02-2018","1.4221"
"20-02-2018","1.4234"
"21-02-2018","1.421"
"22-02-2018","1.4166"
"23-02-2018","1.4194"
"26-02-2018","1.4165"
"27-02-2018","1.4111"
"28-02-2018","1.401"
"01-03-2018","1.3953"
"02-03-2018","1.3994"
"05-03-2018","1.4074"
"06-03-2018","1.4109"
"07-03-2018","1.4126"
"08-03-2018","1.4058"
"09-03-2018","1.4098"
"12-03-2018","1.4127"
"13-03-2018","1.4218"
"14-03-2018","1.4179"
"15-03-2018","1.4182"
"16-03-2018","1.4152"
"19-03-2018","1.4261"
"20-03-2018","1.4243"
"21-03-2018","1.4291"
"22-03-2018","1.4321"
"23-03-2018","1.4376"
"26-03-2018","1.4448"
"27-03-2018","1.4363"
"28-03-2018","1.4316"
"29-03-2018","1.4255"
"03-04-2018","1.4263"
"04-04-2018","1.4316"
"05-04-2018","1.4228"
"06-04-2018","1.431"
"09-04-2018","1.4356"
"10-04-2018","1.4403"
"11-04-2018","1.444"
"12-04-2018","1.4466"
"13-04-2018","1.4484"
"16-04-2018","1.4566"
"17-04-2018","1.4551"
"18-04-2018","1.4479"
"19-04-2018","1.4462"
"20-04-2018","1.4271"
"23-04-2018","1.4197"
"24-04-2018","1.421"
"25-04-2018","1.4183"
"26-04-2018","1.4182"
"27-04-2018","1.4046"
"30-04-2018","1.4028"
"01-05-2018","1.385"
"02-05-2018","1.3852"
"03-05-2018","1.3797"
"04-05-2018","1.3768"
"08-05-2018","1.3766"
"09-05-2018","1.3823"
"10-05-2018","1.3717"
"11-05-2018","1.3802"
"14-05-2018","1.384"
"15-05-2018","1.3745"
"16-05-2018","1.3737"
"17-05-2018","1.3752"
"18-05-2018","1.3721"
"21-05-2018","1.3658"
"22-05-2018","1.367"
"23-05-2018","1.3593"
"24-05-2018","1.3619"
"25-05-2018","1.3565"
"29-05-2018","1.3515"
"30-05-2018","1.3518"
"31-05-2018","1.3553"
"01-06-2018","1.3578"
"04-06-2018","1.3578"
"05-06-2018","1.3586"
"06-06-2018","1.3673"
"07-06-2018","1.3666"
"08-06-2018","1.364"
"11-06-2018","1.3641"
"12-06-2018","1.3598"
"13-06-2018","1.3614"
"14-06-2018","1.3579"
"15-06-2018","1.353"
"18-06-2018","1.3486"
"19-06-2018","1.3416"
"20-06-2018","1.3418"
"21-06-2018","1.3492"
"22-06-2018","1.3509"
"25-06-2018","1.3505"
"26-06-2018","1.3469"
"27-06-2018","1.3382"
"28-06-2018","1.3333"
"29-06-2018","1.3434"
"02-07-2018","1.3355"
"03-07-2018","1.3404"
"04-07-2018","1.3435"
"05-07-2018","1.3447"
"06-07-2018","1.3504"
"09-07-2018","1.3491"
"10-07-2018","1.3496"
"11-07-2018","1.3478"
"12-07-2018","1.3453"
"13-07-2018","1.3428"
"16-07-2018","1.346"
"17-07-2018","1.3389"
"18-07-2018","1.3283"
"19-07-2018","1.3232"
"20-07-2018","1.3328"
"23-07-2018","1.3338"
"24-07-2018","1.3384"
"25-07-2018","1.3376"
"26-07-2018","1.3378"
"27-07-2018","1.3357"
"30-07-2018","1.3375"
"31-07-2018","1.3347"
"01-08-2018","1.3354"
"02-08-2018","1.326"
"03-08-2018","1.3249"
"06-08-2018","1.3169"
"07-08-2018","1.3184"
"08-08-2018","1.3115"
"09-08-2018","1.3098"
"10-08-2018","1.3004"
"13-08-2018","1.3007"
"14-08-2018","1.2981"
"15-08-2018","1.2896"
"16-08-2018","1.2952"
"17-08-2018","1.297"
"20-08-2018","1.2986"
"21-08-2018","1.3095"
"22-08-2018","1.3139"
"23-08-2018","1.3061"
"24-08-2018","1.3086"
"28-08-2018","1.3114"
"29-08-2018","1.3229"
"30-08-2018","1.3234"
"31-08-2018","1.3224"
"03-09-2018","1.3114"
"04-09-2018","1.3062"
"05-09-2018","1.3193"
"06-09-2018","1.318"
"07-09-2018","1.3191"
"10-09-2018","1.3259"
"11-09-2018","1.324"
"12-09-2018","1.3263"
"13-09-2018","1.3335"
"14-09-2018","1.3318"
"17-09-2018","1.3394"
"18-09-2018","1.34"
"19-09-2018","1.3397"
"20-09-2018","1.35"
"21-09-2018","1.3344"
"24-09-2018","1.3385"
"25-09-2018","1.341"
"26-09-2018","1.3435"
"27-09-2018","1.3362"
"28-09-2018","1.3285"
"01-10-2018","1.3287"
"02-10-2018","1.3221"
"03-10-2018","1.325"
"04-10-2018","1.3271"
"05-10-2018","1.3317"
"08-10-2018","1.3317"
"09-10-2018","1.3336"
"10-10-2018","1.345"
"11-10-2018","1.3457"
"12-10-2018","1.3406"
"15-10-2018","1.3395"
"16-10-2018","1.3461"
"17-10-2018","1.3389"
"18-10-2018","1.3328"
"19-10-2018","1.3301"
"22-10-2018","1.3228"
"23-10-2018","1.3227"
"24-10-2018","1.3161"
"25-10-2018","1.3065"
"26-10-2018","1.3067"
"29-10-2018","1.3058"
"30-10-2018","1.2979"
"31-10-2018","1.3026"
"01-11-2018","1.3218"
"02-11-2018","1.3209"
"05-11-2018","1.3264"
"06-11-2018","1.3328"
"07-11-2018","1.3388"
"08-11-2018","1.3377"
"09-11-2018","1.3277"
"12-11-2018","1.3114"
"13-11-2018","1.3245"
"14-11-2018","1.3254"
"15-11-2018","1.3029"
"16-11-2018","1.3083"
"19-11-2018","1.3105"
"20-11-2018","1.3065"
"21-11-2018","1.3026"
"22-11-2018","1.311"
"23-11-2018","1.3042"
"26-11-2018","1.3067"
"27-11-2018","1.2979"
"28-11-2018","1.2993"
"29-11-2018","1.3015"
"30-11-2018","1.3"
"03-12-2018","1.2981"
"04-12-2018","1.2968"
"05-12-2018","1.2978"
"06-12-2018","1.3008"
"07-12-2018","1.2991"
"10-12-2018","1.2762"
"11-12-2018","1.2756"
"12-12-2018","1.2893"
"13-12-2018","1.2844"
"14-12-2018","1.279"
"17-12-2018","1.2836"
"18-12-2018","1.2854"
"19-12-2018","1.2868"
"20-12-2018","1.2866"
"21-12-2018","1.2903"
"24-12-2018","1.2873"
"27-12-2018","1.2854"
"28-12-2018","1.2906"
"31-12-2018","1.2987"
"02-01-2019","1.2827"
"03-01-2019","1.2813"
"04-01-2019","1.2944"
"07-01-2019","1.2993"
"08-01-2019","1.2953"
"09-01-2019","1.2967"
"10-01-2019","1.3"
"11-01-2019","1.3039"
"14-01-2019","1.3135"
"15-01-2019","1.3032"
"16-01-2019","1.3087"
"17-01-2019","1.3136"
"18-01-2019","1.3137"
"21-01-2019","1.3126"
"22-01-2019","1.3188"
"23-01-2019","1.33"
"24-01-2019","1.3273"
"25-01-2019","1.3401"
"28-01-2019","1.3392"
"29-01-2019","1.3385"
"30-01-2019","1.3309"
"31-01-2019","1.3384"
"01-02-2019","1.3325"
"04-02-2019","1.3317"
"05-02-2019","1.317"
"06-02-2019","1.3195"
"07-02-2019","1.3208"
"08-02-2019","1.3175"
"11-02-2019","1.31"
"12-02-2019","1.3118"
"13-02-2019","1.3115"
"14-02-2019","1.3014"
"15-02-2019","1.3079"
"18-02-2019","1.3158"
"19-02-2019","1.3263"
"20-02-2019","1.3291"
"21-02-2019","1.3299"
"22-02-2019","1.3288"
"25-02-2019","1.3297"
"26-02-2019","1.3471"
"27-02-2019","1.3567"
"28-02-2019","1.3532"
"01-03-2019","1.3475"
"04-03-2019","1.3405"
"05-03-2019","1.3346"
"06-03-2019","1.3379"
"07-03-2019","1.3344"
"08-03-2019","1.3233"
"11-03-2019","1.3326"
"12-03-2019","1.3326"
"13-03-2019","1.3457"
"14-03-2019","1.3511"
"15-03-2019","1.3507"
"18-03-2019","1.3447"
"19-03-2019","1.3492"
"20-03-2019","1.342"
"21-03-2019","1.3302"
"22-03-2019","1.3446"
"25-03-2019","1.3421"
"26-03-2019","1.3439"
"27-03-2019","1.3409"
"28-03-2019","1.3306"
"29-03-2019","1.325"
"01-04-2019","1.3365"
"02-04-2019","1.3256"
"03-04-2019","1.338"
"04-04-2019","1.3307"
"05-04-2019","1.3235"
"08-04-2019","1.3277"
"09-04-2019","1.3272"
"10-04-2019","1.3315"
"11-04-2019","1.3311"
"12-04-2019","1.3329"
"15-04-2019","1.3342"
"16-04-2019","1.3281"
"17-04-2019","1.327"
"18-04-2019","1.3233"
"23-04-2019","1.3154"
"24-04-2019","1.3176"
"25-04-2019","1.3123"
"26-04-2019","1.3149"
"29-04-2019","1.3137"
"30-04-2019","1.3252"
"01-05-2019","1.33"
"02-05-2019","1.3253"
"03-05-2019","1.3337"
"07-05-2019","1.3265"
"08-05-2019","1.3222"
"09-05-2019","1.3235"
"10-05-2019","1.3246"
"13-05-2019","1.3193"
"14-05-2019","1.3127"
"15-05-2019","1.3074"
"16-05-2019","1.2999"
"17-05-2019","1.294"
"20-05-2019","1.294"
"21-05-2019","1.2996"
"22-05-2019","1.2867"
"23-05-2019","1.2875"
"24-05-2019","1.2897"
"28-05-2019","1.288"
"29-05-2019","1.2831"
"30-05-2019","1.2789"
"31-05-2019","1.2793"
"03-06-2019","1.2815"
"04-06-2019","1.2857"
"05-06-2019","1.2901"
"06-06-2019","1.2885"
"07-06-2019","1.2927"
"10-06-2019","1.2863"
"11-06-2019","1.2895"
"12-06-2019","1.2891"
"13-06-2019","1.285"
"14-06-2019","1.2766"
"17-06-2019","1.272"
"18-06-2019","1.2704"
"19-06-2019","1.2797"
"20-06-2019","1.2852"
"21-06-2019","1.2853"
"24-06-2019","1.2873"
"25-06-2019","1.2871"
"26-06-2019","1.2834"
"27-06-2019","1.2834"
"28-06-2019","1.2886"
"01-07-2019","1.2814"
"02-07-2019","1.2769"
"03-07-2019","1.2734"
"04-07-2019","1.2747"
"05-07-2019","1.2683"
"08-07-2019","1.2695"
"09-07-2019","1.2647"
"10-07-2019","1.2666"
"11-07-2019","1.2724"
"12-07-2019","1.2733"
"15-07-2019","1.2689"
"16-07-2019","1.2594"
"17-07-2019","1.2604"
"18-07-2019","1.2657"
"19-07-2019","1.2673"
"22-07-2019","1.2673"
"23-07-2019","1.2616"
"24-07-2019","1.2677"
"25-07-2019","1.2678"
"26-07-2019","1.2571"
"29-07-2019","1.2417"
"30-07-2019","1.2336"
"31-07-2019","1.2429"
"01-08-2019","1.2333"
"02-08-2019","1.2294"
"05-08-2019","1.2294"
"06-08-2019","1.2316"
"07-08-2019","1.2289"
"08-08-2019","1.228"
"09-08-2019","1.2228"
"12-08-2019","1.2229"
"13-08-2019","1.2225"
"14-08-2019","1.2215"
"15-08-2019","1.2254"
"16-08-2019","1.2282"
"19-08-2019","1.2273"
"20-08-2019","1.2268"
"21-08-2019","1.227"
"22-08-2019","1.2397"
"23-08-2019","1.2419"
"27-08-2019","1.242"
"28-08-2019","1.2362"
"29-08-2019","1.2349"
"30-08-2019","1.2328"
"02-09-2019","1.2206"
"03-09-2019","1.2235"
"04-09-2019","1.2332"
"05-09-2019","1.2467"
"06-09-2019","1.2455"
"09-09-2019","1.2488"
"10-09-2019","1.25"
"11-09-2019","1.2486"
"12-09-2019","1.2472"
"13-09-2019","1.2604"
"16-09-2019","1.2566"
"17-09-2019","1.2629"
"18-09-2019","1.2625"
"19-09-2019","1.2632"
"20-09-2019","1.2642"
"23-09-2019","1.2563"
"24-09-2019","1.2617"
"25-09-2019","1.2518"
"26-09-2019","1.247"
"27-09-2019","1.2452"
"30-09-2019","1.2464"
"01-10-2019","1.2361"
"02-10-2019","1.2436"
"03-10-2019","1.2531"
"04-10-2019","1.2419"
"07-10-2019","1.2448"
"08-10-2019","1.2342"
"09-10-2019","1.2345"
"10-10-2019","1.2411"
"11-10-2019","1.2815"
"14-10-2019","1.2713"
"15-10-2019","1.2906"
"16-10-2019","1.2929"
"17-10-2019","1.2967"
"18-10-2019","1.3021"
"21-10-2019","1.3108"
"22-10-2019","1.3034"
"23-10-2019","1.3007"
"24-10-2019","1.2971"
"25-10-2019","1.2956"
"28-10-2019","1.2986"
"29-10-2019","1.3028"
"30-10-2019","1.2992"
"31-10-2019","1.3055"
"01-11-2019","1.3066"
"04-11-2019","1.3026"
"05-11-2019","1.2986"
"06-11-2019","1.2995"
"07-11-2019","1.2951"
"08-11-2019","1.2918"
"11-11-2019","1.3"
"12-11-2019","1.2967"
"13-11-2019","1.2966"
"14-11-2019","1.2982"
"15-11-2019","1.3019"
"18-11-2019","1.3088"
"19-11-2019","1.3055"
"20-11-2019","1.3032"
"21-11-2019","1.3045"
"22-11-2019","1.2961"
"25-11-2019","1.3038"
"26-11-2019","1.2968"
"27-11-2019","1.3005"
"28-11-2019","1.3033"
"29-11-2019","1.3064"
"02-12-2019","1.3049"
"03-12-2019","1.3115"
"04-12-2019","1.3229"
"05-12-2019","1.3277"
"06-12-2019","1.3229"
"09-12-2019","1.3279"
"10-12-2019","1.33"
"11-12-2019","1.3308"
"12-12-2019","1.3251"
"13-12-2019","1.347"
"16-12-2019","1.3463"
"17-12-2019","1.3273"
"18-12-2019","1.3207"
"19-12-2019","1.3159"
"20-12-2019","1.3179"
"23-12-2019","1.3057"
"24-12-2019","1.308"
"27-12-2019","1.3219"
"30-12-2019","1.324"
"31-12-2019","1.3337"
"02-01-2020","1.3316"
"03-01-2020","1.3197"
"06-01-2020","1.3285"
"07-01-2020","1.3246"
"08-01-2020","1.3223"
"09-01-2020","1.3181"
"10-01-2020","1.3195"
"13-01-2020","1.3121"
"14-01-2020","1.3153"
"15-01-2020","1.3173"
"16-01-2020","1.3216"
"17-01-2020","1.318"
"20-01-2020","1.3148"
"21-01-2020","1.3207"
"22-01-2020","1.3287"
"23-01-2020","1.3263"
"24-01-2020","1.3211"
"27-01-2020","1.3198"
"28-01-2020","1.3121"
"29-01-2020","1.3137"
"30-01-2020","1.3222"
"31-01-2020","1.3301"
"03-02-2020","1.3134"
"04-02-2020","1.3148"
"05-02-2020","1.3106"
"06-02-2020","1.3052"
"07-02-2020","1.3059"
"10-02-2020","1.3039"
"11-02-2020","1.3064"
"12-02-2020","1.3095"
"13-02-2020","1.3174"
"14-02-2020","1.3132"
"17-02-2020","1.3123"
"18-02-2020","1.3152"
"19-02-2020","1.3067"
"20-02-2020","1.2995"
"21-02-2020","1.3071"
"24-02-2020","1.3029"
"25-02-2020","1.312"
"26-02-2020","1.302"
"27-02-2020","1.2968"
"28-02-2020","1.2858"
"02-03-2020","1.2819"
"03-03-2020","1.2882"
"04-03-2020","1.2866"
"05-03-2020","1.2965"
"06-03-2020","1.3059"
"09-03-2020","1.3132"
"10-03-2020","1.2949"
"11-03-2020","1.2908"
"12-03-2020","1.2569"
"13-03-2020","1.2437"
"16-03-2020","1.2313"
"17-03-2020","1.2053"
"18-03-2020","1.1795"
"19-03-2020","1.1703"
"20-03-2020","1.1777"
"23-03-2020","1.153"
"24-03-2020","1.1814"
"25-03-2020","1.1798"
"26-03-2020","1.2168"
"27-03-2020","1.2394"
"30-03-2020","1.2452"
"31-03-2020","1.2433"
"01-04-2020","1.2452"
"02-04-2020","1.2401"
"03-04-2020","1.2282"
"06-04-2020","1.2279"
"07-04-2020","1.2331"
"08-04-2020","1.2405"
"09-04-2020","1.2495"
"14-04-2020","1.2618"
"15-04-2020","1.2518"
"16-04-2020","1.247"
"17-04-2020","1.2524"
"20-04-2020","1.2492"
"21-04-2020","1.2292"
"22-04-2020","1.2346"
"23-04-2020","1.2403"
"24-04-2020","1.2356"
"27-04-2020","1.2427"
"28-04-2020","1.2452"
"29-04-2020","1.2452"
"30-04-2020","1.2628"
"01-05-2020","1.2563"
"04-05-2020","1.2438"
"05-05-2020","1.2471"
"06-05-2020","1.238"
"07-05-2020","1.2304"
"11-05-2020","1.2375"
"12-05-2020","1.2349"
"13-05-2020","1.2244"
"14-05-2020","1.2216"
"15-05-2020","1.2143"
"18-05-2020","1.2212"
"19-05-2020","1.2272"
"20-05-2020","1.229"
"21-05-2020","1.2234"
"22-05-2020","1.2212"
"26-05-2020","1.2383"
"27-05-2020","1.2236"
"28-05-2020","1.2344"
"29-05-2020","1.2389"
"01-06-2020","1.2501"
"02-06-2020","1.2576"
"03-06-2020","1.2619"
"04-06-2020","1.2629"
"05-06-2020","1.2746"
"08-06-2020","1.272"
"09-06-2020","1.2743"
"10-06-2020","1.2776"
"11-06-2020","1.2666"
"12-06-2020","1.2564"
"15-06-2020","1.2584"
"16-06-2020","1.2609"
"17-06-2020","1.2571"
"18-06-2020","1.2445"
"19-06-2020","1.2386"
"22-06-2020","1.2473"
"23-06-2020","1.2544"
"24-06-2020","1.2474"
"25-06-2020","1.2429"
"26-06-2020","1.2341"
"29-06-2020","1.229"
"30-06-2020","1.2382"
"01-07-2020","1.2481"
"02-07-2020","1.2489"
"03-07-2020","1.2491"
"06-07-2020","1.2532"
"07-07-2020","1.2599"
"08-07-2020","1.2621"
"09-07-2020","1.2639"
"10-07-2020","1.2686"
"13-07-2020","1.2644"
"14-07-2020","1.2556"
"15-07-2020","1.2648"
"16-07-2020","1.2623"
"17-07-2020","1.2561"
"20-07-2020","1.2673"
"21-07-2020","1.2774"
"22-07-2020","1.2757"
"23-07-2020","1.2771"
"24-07-2020","1.2813"
"27-07-2020","1.2921"
"28-07-2020","1.2973"
"29-07-2020","1.299"
"30-07-2020","1.3068"
"31-07-2020","1.3148"
"03-08-2020","1.3053"
"04-08-2020","1.3099"
"05-08-2020","1.3163"
"06-08-2020","1.3161"
"07-08-2020","1.307"
"10-08-2020","1.311"
"11-08-2020","1.3108"
"12-08-2020","1.3079"
"13-08-2020","1.3117"
"14-08-2020","1.3132"
"17-08-2020","1.3121"
"18-08-2020","1.3246"
"19-08-2020","1.3205"
"20-08-2020","1.3166"
"21-08-2020","1.3095"
"24-08-2020","1.3093"
"25-08-2020","1.3141"
"26-08-2020","1.3215"
"27-08-2020","1.3212"
"28-08-2020","1.3353"
"01-09-2020","1.3473"
"02-09-2020","1.3327"
"03-09-2020","1.3295"
"04-09-2020","1.3224"
"07-09-2020","1.3203"
"08-09-2020","1.3054"
"09-09-2020","1.3025"
"10-09-2020","1.2896"
"11-09-2020","1.2811"
"14-09-2020","1.2914"
"15-09-2020","1.2883"
"16-09-2020","1.3033"
"17-09-2020","1.2982"
"18-09-2020","1.2993"
"21-09-2020","1.2825"
"22-09-2020","1.2746"
"23-09-2020","1.279"
"24-09-2020","1.2739"
"25-09-2020","1.2731"
"28-09-2020","1.287"
"29-09-2020","1.2868"
"30-09-2020","1.2949"
"01-10-2020","1.2895"
"02-10-2020","1.2956"
"05-10-2020","1.2999"
"06-10-2020","1.2987"
"07-10-2020","1.2919"
"08-10-2020","1.2952"
"09-10-2020","1.3019"
"12-10-2020","1.3095"
"13-10-2020","1.3012"
"14-10-2020","1.3067"
"15-10-2020","1.2931"
"16-10-2020","1.2956"
"19-10-2020","1.3023"
"20-10-2020","1.2988"
"21-10-2020","1.319"
"22-10-2020","1.3121"
"23-10-2020","1.3074"
"26-10-2020","1.3048"
"27-10-2020","1.3094"
"28-10-2020","1.3021"
"29-10-2020","1.2933"
"30-10-2020","1.296"
"02-11-2020","1.2932"
"03-11-2020","1.31"
"04-11-2020","1.3023"
"05-11-2020","1.305"
"06-11-2020","1.3187"
"09-11-2020","1.3177"
"10-11-2020","1.3278"
"11-11-2020","1.3225"
"12-11-2020","1.3158"
"13-11-2020","1.3188"
"16-11-2020","1.3205"
"17-11-2020","1.3289"
"18-11-2020","1.3331"
"19-11-2020","1.3255"
"20-11-2020","1.3315"
"23-11-2020","1.3322"
"24-11-2020","1.3383"
"25-11-2020","1.3407"
"26-11-2020","1.3358"
"27-11-2020","1.3373"
"30-11-2020","1.3382"
"01-12-2020","1.3392"
"02-12-2020","1.3354"
"03-12-2020","1.3524"
"04-12-2020","1.3501"
"07-12-2020","1.3345"
"08-12-2020","1.3393"
"09-12-2020","1.3426"
"10-12-2020","1.3306"
"11-12-2020","1.3248"
"14-12-2020","1.3359"
"15-12-2020","1.3475"
"16-12-2020","1.3525"
"17-12-2020","1.3621"
"18-12-2020","1.3515"
"21-12-2020","1.3348"
"22-12-2020","1.3359"
"23-12-2020","1.3555"
"24-12-2020","1.362"
"29-12-2020","1.3524"
"30-12-2020","1.3637"
"31-12-2020","1.3679"
"04-01-2021","1.3611"
"05-01-2021","1.3625"
"06-01-2021","1.3586"
"07-01-2021","1.3579"
"08-01-2021","1.3626"
"11-01-2021","1.3528"
"12-01-2021","1.3658"
"13-01-2021","1.3667"
"14-01-2021","1.3726"
"15-01-2021","1.362"
"18-01-2021","1.361"
"19-01-2021","1.3653"
"20-01-2021","1.3664"
"21-01-2021","1.3753"
"22-01-2021","1.3703"
"25-01-2021","1.3705"
"26-01-2021","1.3776"
"27-01-2021","1.3737"
"28-01-2021","1.3752"
"29-01-2021","1.376"
"01-02-2021","1.3693"
"02-02-2021","1.3659"
"03-02-2021","1.3674"
"04-02-2021","1.3684"
"05-02-2021","1.3748"
"08-02-2021","1.3765"
"09-02-2021","1.3819"
"10-02-2021","1.3867"
"11-02-2021","1.3848"
"12-02-2021","1.3871"
"15-02-2021","1.3933"
"16-02-2021","1.3948"
"17-02-2021","1.3873"
"18-02-2021","1.3967"
"19-02-2021","1.4041"
"22-02-2021","1.4071"
"23-02-2021","1.4126"
"24-02-2021","1.4124"
"25-02-2021","1.4153"
"26-02-2021","1.3995"
"01-03-2021","1.3957"
"02-03-2021","1.3967"
"03-03-2021","1.3992"
"04-03-2021","1.4009"
"05-03-2021","1.3836"
"08-03-2021","1.383"
"09-03-2021","1.3911"
"10-03-2021","1.3922"
"11-03-2021","1.3987"
"12-03-2021","1.391"
"15-03-2021","1.388"
"16-03-2021","1.3911"
"17-03-2021","1.3907"
"18-03-2021","1.3956"
"19-03-2021","1.3889"
"22-03-2021","1.3873"
"23-03-2021","1.3812"
"24-03-2021","1.374"
"25-03-2021","1.374"
"26-03-2021","1.381"
"29-03-2021","1.3791"
"30-03-2021","1.373"
"31-03-2021","1.3815"
"01-04-2021","1.3838"
"06-04-2021","1.3877"
"07-04-2021","1.3807"
"08-04-2021","1.375"
"09-04-2021","1.3747"
"12-04-2021","1.3762"
"13-04-2021","1.3751"
"14-04-2021","1.38"
"15-04-2021","1.3814"
"16-04-2021","1.3836"
"19-04-2021","1.4003"
"20-04-2021","1.3969"
"21-04-2021","1.3948"
"22-04-2021","1.3864"
"23-04-2021","1.386"
"26-04-2021","1.3912"
"27-04-2021","1.3933"
"28-04-2021","1.3924"
"29-04-2021","1.3962"
"30-04-2021","1.3862"
"04-05-2021","1.39"
"05-05-2021","1.3925"
"06-05-2021","1.3902"
"07-05-2021","1.3993"
"10-05-2021","1.4151"
"11-05-2021","1.4157"
"12-05-2021","1.4108"
"13-05-2021","1.4056"
"14-05-2021","1.4098"
"17-05-2021","1.4128"
"18-05-2021","1.4221"
"19-05-2021","1.4155"
"20-05-2021","1.4164"
"21-05-2021","1.4171"
"24-05-2021","1.4166"
"25-05-2021","1.4141"
"26-05-2021","1.4129"
"27-05-2021","1.4184"
"28-05-2021","1.4178"
"01-06-2021","1.4175"
"02-06-2021","1.4168"
"03-06-2021","1.4183"
"04-06-2021","1.4175"
"07-06-2021","1.4171"
"08-06-2021","1.4154"
"09-06-2021","1.4131"
"10-06-2021","1.4146"
"11-06-2021","1.4127"
"14-06-2021","1.412"
"15-06-2021","1.4088"
"16-06-2021","1.4109"
"17-06-2021","1.3956"
"18-06-2021","1.3816"
"21-06-2021","1.3914"
"22-06-2021","1.3924"
"23-06-2021","1.3977"
"24-06-2021","1.3904"
"25-06-2021","1.3923"
"28-06-2021","1.3894"
"29-06-2021","1.3846"
"30-06-2021","1.3829"
